"post_title","post_name","ID","post_excerpt","post_content","post_status","menu_order","post_date","post_parent","comment_status","sku","downloadable","virtual","visibility","stock","stock_status","backorders","manage_stock","regular_price","sale_price","weight","length","width","height","tax_status","tax_class","upsell_ids","crosssell_ids","featured","sale_price_dates_from","sale_price_dates_to","file_path","file_paths","download_limit","download_expiry","product_url","button_text","meta:_yoast_wpseo_focuskw","meta:_yoast_wpseo_title","meta:_yoast_wpseo_metadesc","meta:_yoast_wpseo_metakeywords","images","tax:product_type","tax:product_cat","tax:product_tag","tax:product_shipping_class","attribute:pa_cap","attribute_data:pa_cap","attribute_default:pa_cap","attribute:pa_size-ml","attribute_data:pa_size-ml","attribute_default:pa_size-ml"
"Dazzle","dazzle","7","","","publish","0","2013-07-25 02:43:08","0","open","","no","no","visible","","instock","no","no","","","","","","","none","","","","no","","","","","","","","","","","","","http://localhost/wordpress/wp-content/uploads/2014/01/30-Dazzle-+-Pump-Spray-Fancy.jpg","variable","Glass Bottles","","","Pump Spray Fancy","1|1|1","","30ml","0|1|1",""
"Amber Frosted","amber-frosted","9","","","publish","0","2013-07-25 02:43:08","0","open","","no","no","visible","","instock","no","no","","","","","","","none","","","","no","","","","","","","","","","","","","http://localhost/wordpress/wp-content/uploads/2014/01/120-Amber-Frosted-+-Aluminum-Fake-Cap.jpg","variable","Glass Bottles","","","Aluminum Fake Cap","1|1|1","","120ml","0|1|1",""
"Hugo Frosted","hugo-frosted","11","","","publish","0","2013-07-25 02:43:08","0","open","","no","no","visible","","instock","no","no","","","","","","","none","","","","no","","","","","","","","","","","","","http://localhost/wordpress/wp-content/uploads/2014/01/40-Hugo-Frosted-+-Aluminum-Fake-Cap.jpg|http://localhost/wordpress/wp-content/uploads/2014/01/30-Hugo-Frosted-+-Gel-Pump.jpg|http://localhost/wordpress/wp-content/uploads/2014/01/40-Hugo-Frosted-+-Gel-Pump.jpg|http://localhost/wordpress/wp-content/uploads/2014/01/30-Hugo-Frosted-+-Gel-Pump-Shroud.jpg|http://localhost/wordpress/wp-content/uploads/2014/01/40-Hugo-Frosted-+-Gel-Pump-Shroud.jpg|http://localhost/wordpress/wp-content/uploads/2014/01/30-Hugo-Frosted-+-Pump-Spray.jpg|http://localhost/wordpress/wp-content/uploads/2014/01/40-Hugo-Frosted-+-Pump-Spray.jpg|http://localhost/wordpress/wp-content/uploads/2014/01/30-Hugo-Frosted-+-Pump-Spray-Fancy-Silver-Matte.jpg|http://localhost/wordpress/wp-content/uploads/2014/01/40-Hugo-Frosted-+-Pump-Spray-Fancy-Silver-Matte.jpg|http://localhost/wordpress/wp-content/uploads/2014/01/30-Hugo-Frosted-+-Pump-Spray-Fancy-Silver-Shiny.jpg|http://localhost/wordpress/wp-content/uploads/2014/01/40-Hugo-Frosted-+-Pump-Spray-Fancy-Silver-Shiny.jpg|http://localhost/wordpress/wp-content/uploads/2014/01/30-Hugo-Frosted-+-Pump-Spray-Shroud.jpg|http://localhost/wordpress/wp-content/uploads/2014/01/40-Hugo-Frosted-+-Pump-Spray-Shroud.jpg","variable","Glass Bottles","","","Aluminum Fake Cap|Gel Pump|Gel Pump Shroud|Pump Spray|Pump Spray Fancy Silver Matte|Pump Spray Fancy Silver Shiny|Pump Spray Shroud","1|1|1","","30ml|40ml","0|1|1",""
"Round Frosted","round-frosted","25","","","publish","0","2013-07-25 02:43:08","0","open","","no","no","visible","","instock","no","no","","","","","","","none","","","","no","","","","","","","","","","","","","http://localhost/wordpress/wp-content/uploads/2014/01/30-Round-Frosted-+-Aluminum-Fake-Cap.jpg|http://localhost/wordpress/wp-content/uploads/2014/01/12-Round-Frosted-+-Gel-Pump.jpg|http://localhost/wordpress/wp-content/uploads/2014/01/10-Round-Frosted-+-Gel-Pump.jpg|http://localhost/wordpress/wp-content/uploads/2014/01/30-Round-Frosted-+-Gel-Pump.jpg|http://localhost/wordpress/wp-content/uploads/2014/01/12-Round-Frosted-+-Gel-Pump-Shroud.jpg|http://localhost/wordpress/wp-content/uploads/2014/01/10-Round-Frosted-+-Gel-Pump-Shroud.jpg|http://localhost/wordpress/wp-content/uploads/2014/01/30-Round-Frosted-+-Gel-Pump-Shroud.jpg|http://localhost/wordpress/wp-content/uploads/2014/01/100-Round-Frosted-+-Lotion-Pump-Flat-or-Twist.jpg|http://localhost/wordpress/wp-content/uploads/2014/01/8-Round-Frosted-+-Pump-Spray.jpg|http://localhost/wordpress/wp-content/uploads/2014/01/12-Round-Frosted-+-Pump-Spray.jpg|http://localhost/wordpress/wp-content/uploads/2014/01/5-Round-Frosted-+-Pump-Spray.jpg|http://localhost/wordpress/wp-content/uploads/2014/01/10-Round-Frosted-+-Pump-Spray.jpg|http://localhost/wordpress/wp-content/uploads/2014/01/30-Round-Frosted-+-Pump-Spray.jpg|http://localhost/wordpress/wp-content/uploads/2014/01/30-Round-Frosted-+-Pump-Spray-Fancy-Silver-Matte.jpg|http://localhost/wordpress/wp-content/uploads/2014/01/30-Round-Frosted-+-Pump-Spray-Fancy-Silver-Shiny.jpg|http://localhost/wordpress/wp-content/uploads/2014/01/12-Round-Frosted-+-Pump-Spray-Shroud.jpg|http://localhost/wordpress/wp-content/uploads/2014/01/10-Round-Frosted-+-Pump-Spray-Shroud.jpg|http://localhost/wordpress/wp-content/uploads/2014/01/30-Round-Frosted-+-Pump-Spray-Shroud.jpg","variable","Glass Bottles","","","Aluminum Fake Cap|Gel Pump|Gel Pump Shroud|Lotion Pump Flat or Twist|Pump Spray|Pump Spray Fancy Silver Matte|Pump Spray Fancy Silver Shiny|Pump Spray Shroud","1|1|1","","100ml|10ml|12ml|30ml|5ml|8ml","0|1|1",""
"Sexy Frosted","sexy-frosted","44","","","publish","0","2013-07-25 02:43:08","0","open","","no","no","visible","","instock","no","no","","","","","","","none","","","","no","","","","","","","","","","","","","http://localhost/wordpress/wp-content/uploads/2014/01/50-Sexy-Frosted-+-Aluminum-Fake-Cap.jpg|http://localhost/wordpress/wp-content/uploads/2014/01/30-Sexy-Frosted-+-Aluminum-Fake-Cap.jpg|http://localhost/wordpress/wp-content/uploads/2014/01/30-Sexy-Frosted-+-Gel-Pump.jpg|http://localhost/wordpress/wp-content/uploads/2014/01/50-Sexy-Frosted-+-Gel-Pump.jpg|http://localhost/wordpress/wp-content/uploads/2014/01/120-Sexy-Frosted-+-Gel-Pump.jpg|http://localhost/wordpress/wp-content/uploads/2014/01/30-Sexy-Frosted-+-Gel-Pump-Shroud.jpg|http://localhost/wordpress/wp-content/uploads/2014/01/50-Sexy-Frosted-+-Gel-Pump-Shroud.jpg|http://localhost/wordpress/wp-content/uploads/2014/01/120-Sexy-Frosted-+-Gel-Pump-Shroud.jpg|http://localhost/wordpress/wp-content/uploads/2014/01/30-Sexy-Frosted-+-Pump-Spray.jpg|http://localhost/wordpress/wp-content/uploads/2014/01/50-Sexy-Frosted-+-Pump-Spray.jpg|http://localhost/wordpress/wp-content/uploads/2014/01/120-Sexy-Frosted-+-Pump-Spray.jpg|http://localhost/wordpress/wp-content/uploads/2014/01/30-Sexy-Frosted-+-Pump-Spray-Fancy-Silver-Matte.jpg|http://localhost/wordpress/wp-content/uploads/2014/01/50-Sexy-Frosted-+-Pump-Spray-Fancy-Silver-Matte.jpg|http://localhost/wordpress/wp-content/uploads/2014/01/120-Sexy-Frosted-+-Pump-Spray-Fancy-Silver-Matte.jpg|http://localhost/wordpress/wp-content/uploads/2014/01/30-Sexy-Frosted-+-Pump-Spray-Fancy-Silver-Shiny.jpg|http://localhost/wordpress/wp-content/uploads/2014/01/50-Sexy-Frosted-+-Pump-Spray-Fancy-Silver-Shiny.jpg|http://localhost/wordpress/wp-content/uploads/2014/01/120-Sexy-Frosted-+-Pump-Spray-Fancy-Silver-Shiny.jpg|http://localhost/wordpress/wp-content/uploads/2014/01/30-Sexy-Frosted-+-Pump-Spray-Shroud.jpg|http://localhost/wordpress/wp-content/uploads/2014/01/50-Sexy-Frosted-+-Pump-Spray-Shroud.jpg|http://localhost/wordpress/wp-content/uploads/2014/01/120-Sexy-Frosted-+-Pump-Spray-Shroud.jpg","variable","Glass Bottles","","","Aluminum Fake Cap|Gel Pump|Gel Pump Shroud|Pump Spray|Pump Spray Fancy Silver Matte|Pump Spray Fancy Silver Shiny|Pump Spray Shroud","1|1|1","","120ml|30ml|50ml","0|1|1",""
"Cobalt Blue","cobalt-blue","65","","","publish","0","2013-07-25 02:43:08","0","open","","no","no","visible","","instock","no","no","","","","","","","none","","","","no","","","","","","","","","","","","","http://localhost/wordpress/wp-content/uploads/2014/01/10-Cobalt-Blue-+-Aluminum-Fake-Cap.jpg|http://localhost/wordpress/wp-content/uploads/2014/01/30-Cobalt-Blue-+-Aluminum-Fake-Cap.jpg|http://localhost/wordpress/wp-content/uploads/2014/01/60-Cobalt-Blue-+-Aluminum-Fake-Cap.jpg|http://localhost/wordpress/wp-content/uploads/2014/01/120-Cobalt-Blue-+-Aluminum-Fake-Cap.jpg|http://localhost/wordpress/wp-content/uploads/2014/01/30-Cobalt-Blue-+-Metal-Cap.jpg|http://localhost/wordpress/wp-content/uploads/2014/01/60-Cobalt-Blue-+-Metal-Cap.jpg|http://localhost/wordpress/wp-content/uploads/2014/01/120-Cobalt-Blue-+-Metal-Cap.jpg|http://localhost/wordpress/wp-content/uploads/2014/01/10-Cobalt-Blue.jpg|http://localhost/wordpress/wp-content/uploads/2014/01/10-Cobalt-Blue-+-Aluminum-Fake-Cap-+-Stopper.jpg|http://localhost/wordpress/wp-content/uploads/2014/01/30-Cobalt-Blue.jpg|http://localhost/wordpress/wp-content/uploads/2014/01/60-Cobalt-Blue.jpg|http://localhost/wordpress/wp-content/uploads/2014/01/120-Cobalt-Blue.jpg|http://localhost/wordpress/wp-content/uploads/2014/01/60-Cobalt-Blue-+-Aluminum-Screw-Pump-Spray.jpg|http://localhost/wordpress/wp-content/uploads/2014/01/10-Cobalt-Blue-+-Gel-Pump.jpg|http://localhost/wordpress/wp-content/uploads/2014/01/30-Cobalt-Blue-+-Gel-Pump.jpg|http://localhost/wordpress/wp-content/uploads/2014/01/60-Cobalt-Blue-+-Gel-Pump.jpg|http://localhost/wordpress/wp-content/uploads/2014/01/120-Cobalt-Blue-+-Lotion-Pump.jpg|http://localhost/wordpress/wp-content/uploads/2014/01/10-Cobalt-Blue-+-Pump-Spray.jpg|http://localhost/wordpress/wp-content/uploads/2014/01/30-Cobalt-Blue-+-Pump-Spray.jpg|http://localhost/wordpress/wp-content/uploads/2014/01/60-Cobalt-Blue-+-Pump-Spray.jpg|http://localhost/wordpress/wp-content/uploads/2014/01/120-Cobalt-Blue-+-Pump-Spray.jpg","variable","Glass Bottles","","","Aluminum Fake Cap|Aluminum Fake Cap-+-Stopper|Aluminum Screw Pump Spray|Gel Pump|Lotion Pump|Metal Cap|Pump Spray","1|1|1","","10ml|120ml|30ml|60ml","0|1|1",""
"Tubular Frosted","tubular-frosted","87","","","publish","0","2013-07-25 02:43:08","0","open","","no","no","visible","","instock","no","no","","","","","","","none","","","","no","","","","","","","","","","","","","http://localhost/wordpress/wp-content/uploads/2014/01/60-Tubular-Frosted-+-Aluminum-Fake-Cap.jpg|http://localhost/wordpress/wp-content/uploads/2014/01/50-Tubular-Frosted-+-Gel-Pump.jpg|http://localhost/wordpress/wp-content/uploads/2014/01/60-Tubular-Frosted-+-Gel-Pump.jpg|http://localhost/wordpress/wp-content/uploads/2014/01/50-Tubular-Frosted-+-Gel-Pump-Shroud.jpg|http://localhost/wordpress/wp-content/uploads/2014/01/60-Tubular-Frosted-+-Gel-Pump-Shroud.jpg|http://localhost/wordpress/wp-content/uploads/2014/01/50-Tubular-Frosted-+-Pump-Spray.jpg|http://localhost/wordpress/wp-content/uploads/2014/01/60-Tubular-Frosted-+-Pump-Spray.jpg|http://localhost/wordpress/wp-content/uploads/2014/01/80-Tubular-Frosted-+-Pump-Spray.jpg|http://localhost/wordpress/wp-content/uploads/2014/01/50-Tubular-Frosted-+-Pump-Spray-Fancy-Silver-Matte.jpg|http://localhost/wordpress/wp-content/uploads/2014/01/60-Tubular-Frosted-+-Pump-Spray-Fancy-Silver-Matte.jpg|http://localhost/wordpress/wp-content/uploads/2014/01/50-Tubular-Frosted-+-Pump-Spray-Fancy-Silver-Shiny.jpg|http://localhost/wordpress/wp-content/uploads/2014/01/60-Tubular-Frosted-+-Pump-Spray-Fancy-Silver-Shiny.jpg|http://localhost/wordpress/wp-content/uploads/2014/01/50-Tubular-Frosted-+-Pump-Spray-Shroud.jpg|http://localhost/wordpress/wp-content/uploads/2014/01/60-Tubular-Frosted-+-Pump-Spray-Shroud.jpg","variable","Glass Bottles","","","Aluminum Fake Cap|Gel Pump|Gel Pump Shroud|Pump Spray|Pump Spray Fancy Silver Matte|Pump Spray Fancy Silver Shiny|Pump Spray Shroud","1|1|1","","50ml|60ml|80ml","0|1|1",""
"Round YL","round-yl","102","","","publish","0","2013-07-25 02:43:08","0","open","","no","no","visible","","instock","no","no","","","","","","","none","","","","no","","","","","","","","","","","","","http://localhost/wordpress/wp-content/uploads/2014/01/60-Round-YL-+-Aluminum-Fake-Cap.jpg|http://localhost/wordpress/wp-content/uploads/2014/01/60-Round-YL-+-Gel-Pump.jpg|http://localhost/wordpress/wp-content/uploads/2014/01/60-Round-YL-+-Pump-Spray.jpg|http://localhost/wordpress/wp-content/uploads/2014/01/60-Round-YL-+-Pump-Spray-Fancy-Silver-Matte.jpg|http://localhost/wordpress/wp-content/uploads/2014/01/60-Round-YL-+-Pump-Spray-Fancy-Silver-Shiny.jpg|http://localhost/wordpress/wp-content/uploads/2014/01/60-Round-YL-+-Pump-Spray-Shroud.jpg","variable","Glass Bottles","","","Aluminum Fake Cap|Gel Pump|Pump Spray|Pump Spray Fancy Silver Matte|Pump Spray Fancy Silver Shiny|Pump Spray Shroud","1|1|1","","60ml","0|1|1",""
"Round YL Frosted","round-yl-frosted","109","","","publish","0","2013-07-25 02:43:08","0","open","","no","no","visible","","instock","no","no","","","","","","","none","","","","no","","","","","","","","","","","","","http://localhost/wordpress/wp-content/uploads/2014/01/60-Round-YL-Frosted-+-Aluminum-Fake-Cap.jpg|http://localhost/wordpress/wp-content/uploads/2014/01/100-Round-YL-Frosted-+-Aluminum-Fake-Cap.jpg|http://localhost/wordpress/wp-content/uploads/2014/01/60-Round-YL-Frosted-+-Gel-Pump.jpg|http://localhost/wordpress/wp-content/uploads/2014/01/60-Round-YL-Frosted-+-Gel-Pump-Shroud.jpg|http://localhost/wordpress/wp-content/uploads/2014/01/60-Round-YL-Frosted-+-Pump-Spray.jpg|http://localhost/wordpress/wp-content/uploads/2014/01/100-Round-YL-Frosted-+-Pump-Spray.jpg|http://localhost/wordpress/wp-content/uploads/2014/01/60-Round-YL-Frosted-+-Pump-Spray-Fancy-Silver-Matte.jpg|http://localhost/wordpress/wp-content/uploads/2014/01/60-Round-YL-Frosted-+-Pump-Spray-Fancy-Silver-Shiny.jpg|http://localhost/wordpress/wp-content/uploads/2014/01/60-Round-YL-Frosted-+-Pump-Spray-Shroud.jpg","variable","Glass Bottles","","","Aluminum Fake Cap|Gel Pump|Gel Pump Shroud|Pump Spray|Pump Spray Fancy Silver Matte|Pump Spray Fancy Silver Shiny|Pump Spray Shroud","1|1|1","","100ml|60ml","0|1|1",""
"Tubular","tubular","119","","","publish","0","2013-07-25 02:43:08","0","open","","no","no","visible","","instock","no","no","","","","","","","none","","","","no","","","","","","","","","","","","","http://localhost/wordpress/wp-content/uploads/2014/01/50-Tubular-+-Aluminum-Fake-Cap.jpg|http://localhost/wordpress/wp-content/uploads/2014/01/85-Tubular-+-Pump-Spray.jpg|http://localhost/wordpress/wp-content/uploads/2014/01/85-Tubular-+-Pump-Spray-Fancy-Silver-Shiny.jpg","variable","Glass Bottles","","","Aluminum Fake Cap|Pump Spray|Pump Spray Fancy Silver Shiny","1|1|1","","50ml|85ml","0|1|1",""
"Hugo","hugo","123","","","publish","0","2013-07-25 02:43:08","0","open","","no","no","visible","","instock","no","no","","","","","","","none","","","","no","","","","","","","","","","","","","http://localhost/wordpress/wp-content/uploads/2014/01/60-Hugo-+-Aluminum-Fake-Cap.jpg|http://localhost/wordpress/wp-content/uploads/2014/01/60-Hugo-+-Gel-Pump.jpg|http://localhost/wordpress/wp-content/uploads/2014/01/60-Hugo-+-Gel-Pump-Shroud.jpg|http://localhost/wordpress/wp-content/uploads/2014/01/60-Hugo-+-Pump-Spray.jpg|http://localhost/wordpress/wp-content/uploads/2014/01/60-Hugo-+-Pump-Spray-Fancy-Silver-Matte.jpg|http://localhost/wordpress/wp-content/uploads/2014/01/60-Hugo-+-Pump-Spray-Fancy-Silver-Shiny.jpg|http://localhost/wordpress/wp-content/uploads/2014/01/60-Hugo-+-Pump-Spray-Shroud.jpg","variable","Glass Bottles","","","Aluminum Fake Cap|Gel Pump|Gel Pump Shroud|Pump Spray|Pump Spray Fancy Silver Matte|Pump Spray Fancy Silver Shiny|Pump Spray Shroud","1|1|1","","60ml","0|1|1",""
"Clean","clean","131","","","publish","0","2013-07-25 02:43:08","0","open","","no","no","visible","","instock","no","no","","","","","","","none","","","","no","","","","","","","","","","","","","http://localhost/wordpress/wp-content/uploads/2014/01/60-Clean-+-Aluminum-Fake-Cap.jpg|http://localhost/wordpress/wp-content/uploads/2014/01/30-Clean-+-Aluminum-Fake-Cap.jpg|http://localhost/wordpress/wp-content/uploads/2014/01/60-Clean-+-Gel-Pump.jpg|http://localhost/wordpress/wp-content/uploads/2014/01/30-Clean-+-Gel-Pump.jpg|http://localhost/wordpress/wp-content/uploads/2014/01/60-Clean-+-Gel-Pump-Shroud.jpg|http://localhost/wordpress/wp-content/uploads/2014/01/60-Clean-+-Pump-Spray.jpg|http://localhost/wordpress/wp-content/uploads/2014/01/30-Clean-+-Pump-Spray.jpg|http://localhost/wordpress/wp-content/uploads/2014/01/60-Clean-+-Pump-Spray-Fancy-Gold.jpg|http://localhost/wordpress/wp-content/uploads/2014/01/60-Clean-+-Pump-Spray-Fancy-Silver-Matte.jpg|http://localhost/wordpress/wp-content/uploads/2014/01/30-Clean-+-Pump-Spray-Fancy-Silver-Matte.jpg|http://localhost/wordpress/wp-content/uploads/2014/01/60-Clean-+-Pump-Spray-Fancy-Silver-Shiny.jpg|http://localhost/wordpress/wp-content/uploads/2014/01/30-Clean-+-Pump-Spray-Fancy-Silver-Shiny.jpg|http://localhost/wordpress/wp-content/uploads/2014/01/60-Clean-+-Pump-Spray-Shroud.jpg","variable","Glass Bottles","","","Aluminum Fake Cap|Gel Pump|Gel Pump Shroud|Pump Spray|Pump Spray Fancy Gold|Pump Spray Fancy Silver Matte|Pump Spray Fancy Silver Shiny|Pump Spray Shroud","1|1|1","","30ml|60ml","0|1|1",""
"Tubular Slim","tubular-slim","145","","","publish","0","2013-07-25 02:43:08","0","open","","no","no","visible","","instock","no","no","","","","","","","none","","","","no","","","","","","","","","","","","","http://localhost/wordpress/wp-content/uploads/2014/01/30-Tubular-Slim-+-Aluminum-Fake-Cap.jpg|http://localhost/wordpress/wp-content/uploads/2014/01/30-Tubular-Slim-+-Gel-Pump.jpg|http://localhost/wordpress/wp-content/uploads/2014/01/30-Tubular-Slim-+-Gel-Pump-Shroud.jpg|http://localhost/wordpress/wp-content/uploads/2014/01/30-Tubular-Slim-+-Pump-Spray.jpg|http://localhost/wordpress/wp-content/uploads/2014/01/30-Tubular-Slim-+-Pump-Spray-Fancy-Silver-Matte.jpg|http://localhost/wordpress/wp-content/uploads/2014/01/30-Tubular-Slim-+-Pump-Spray-Fancy-Silver-Shiny.jpg|http://localhost/wordpress/wp-content/uploads/2014/01/30-Tubular-Slim-+-Pump-Spray-Shroud.jpg","variable","Glass Bottles","","","Aluminum Fake Cap|Gel Pump|Gel Pump Shroud|Pump Spray|Pump Spray Fancy Silver Matte|Pump Spray Fancy Silver Shiny|Pump Spray Shroud","1|1|1","","30ml","0|1|1",""
"Gift","gift","153","","","publish","0","2013-07-25 02:43:08","0","open","","no","no","visible","","instock","no","no","","","","","","","none","","","","no","","","","","","","","","","","","","http://localhost/wordpress/wp-content/uploads/2014/01/30-Gift-+-Cap.jpg","variable","Glass Bottles","","","Cap","1|1|1","","30ml","0|1|1",""
"Star","star","155","","","publish","0","2013-07-25 02:43:08","0","open","","no","no","visible","","instock","no","no","","","","","","","none","","","","no","","","","","","","","","","","","","http://localhost/wordpress/wp-content/uploads/2014/01/30-Star-+-Cap.jpg","variable","Glass Bottles","","","Cap","1|1|1","","30ml","0|1|1",""
"Menstock","menstock","157","","","publish","0","2013-07-25 02:43:08","0","open","","no","no","visible","","instock","no","no","","","","","","","none","","","","no","","","","","","","","","","","","","http://localhost/wordpress/wp-content/uploads/2014/01/50-Menstock-+-Cap.jpg","variable","Glass Bottles","","","Cap","1|1|1","","50ml","0|1|1",""
"William Frosted","william-frosted","159","","","publish","0","2013-07-25 02:43:08","0","open","","no","no","visible","","instock","no","no","","","","","","","none","","","","no","","","","","","","","","","","","","http://localhost/wordpress/wp-content/uploads/2014/01/60-William-Frosted-+-Cap-Green.jpg","variable","Glass Bottles","","","Cap (Green)","1|1|1","","60ml","0|1|1",""
"Very Sexy Frosted","very-sexy-frosted","161","","","publish","0","2013-07-25 02:43:08","0","open","","no","no","visible","","instock","no","no","","","","","","","none","","","","no","","","","","","","","","","","","","http://localhost/wordpress/wp-content/uploads/2014/01/50-Very-Sexy-Frosted-+-Crimp.jpg","variable","Glass Bottles","","","Crimp","1|1|1","","50ml","0|1|1",""
"Round","round","163","","","publish","0","2013-07-25 02:43:08","0","open","","no","no","visible","","instock","no","no","","","","","","","none","","","","no","","","","","","","","","","","","","http://localhost/wordpress/wp-content/uploads/2014/01/12-Round-+-Gel-Pump.jpg|http://localhost/wordpress/wp-content/uploads/2014/01/10-Round-+-Gel-Pump.jpg|http://localhost/wordpress/wp-content/uploads/2014/01/12-Round-+-Gel-Pump-Shroud.jpg|http://localhost/wordpress/wp-content/uploads/2014/01/10-Round-+-Gel-Pump-Shroud.jpg|http://localhost/wordpress/wp-content/uploads/2014/01/5-Round-+-Pump-Spray.jpg|http://localhost/wordpress/wp-content/uploads/2014/01/12-Round-+-Pump-Spray.jpg|http://localhost/wordpress/wp-content/uploads/2014/01/10-Round-+-Pump-Spray.jpg|http://localhost/wordpress/wp-content/uploads/2014/01/15-Round-+-Pump-Spray.jpg|http://localhost/wordpress/wp-content/uploads/2014/01/12-Round-+-Pump-Spray-Shroud.jpg|http://localhost/wordpress/wp-content/uploads/2014/01/10-Round-+-Pump-Spray-Shroud.jpg","variable","Glass Bottles","","","Gel Pump|Gel Pump Shroud|Pump Spray|Pump Spray Shroud","1|1|1","","10ml|12ml|15ml|5ml","0|1|1",""
"Test Tube Frosted","test-tube-frosted","174","","","publish","0","2013-07-25 02:43:08","0","open","","no","no","visible","","instock","no","no","","","","","","","none","","","","no","","","","","","","","","","","","","http://localhost/wordpress/wp-content/uploads/2014/01/30-Test-Tube-Frosted-+-Gel-Pump.jpg|http://localhost/wordpress/wp-content/uploads/2014/01/30-Test-Tube-Frosted-+-Gel-Pump-Shroud.jpg|http://localhost/wordpress/wp-content/uploads/2014/01/30-Test-Tube-Frosted-+-Pump-Spray.jpg|http://localhost/wordpress/wp-content/uploads/2014/01/30-Test-Tube-Frosted.jpg|http://localhost/wordpress/wp-content/uploads/2014/01/30-Test-Tube-Frosted-+-Pump-Spray-Shroud.jpg","variable","Glass Bottles","","","Gel Pump|Gel Pump Shroud|Pump Spray|Pump Spray Shroud","1|1|1","","30ml","0|1|1",""
"Crib Frosted","crib-frosted","180","","","publish","0","2013-07-25 02:43:08","0","open","","no","no","visible","","instock","no","no","","","","","","","none","","","","no","","","","","","","","","","","","","http://localhost/wordpress/wp-content/uploads/2014/01/30-Crib-Frosted-+-Gel-Pump.jpg|http://localhost/wordpress/wp-content/uploads/2014/01/30-Crib-Frosted-+-Gel-Pump-Shroud.jpg|http://localhost/wordpress/wp-content/uploads/2014/01/30-Crib-Frosted-+-Pump-Spray.jpg|http://localhost/wordpress/wp-content/uploads/2014/01/30-Crib-Frosted-+-Pump-Spray-Fancy-Silver-Matte.jpg|http://localhost/wordpress/wp-content/uploads/2014/01/30-Crib-Frosted-+-Pump-Spray-Fancy-Silver-Shiny.jpg|http://localhost/wordpress/wp-content/uploads/2014/01/30-Crib-Frosted-+-Pump-Spray-Shroud.jpg","variable","Glass Bottles","","","Gel Pump|Gel Pump Shroud|Pump Spray|Pump Spray Fancy Silver Matte|Pump Spray Fancy Silver Shiny|Pump Spray Shroud","1|1|1","","30ml","0|1|1",""
"Cylindrical","cylindrical","187","","","publish","0","2013-07-25 02:43:08","0","open","","no","no","visible","","instock","no","no","","","","","","","none","","","","no","","","","","","","","","","","","","http://localhost/wordpress/wp-content/uploads/2014/01/30-Cylindrical-+-Gel-Pump.jpg|http://localhost/wordpress/wp-content/uploads/2014/01/30-Cylindrical-+-Gel-Pump-Shroud.jpg|http://localhost/wordpress/wp-content/uploads/2014/01/30-Cylindrical-+-Pump-Spray.jpg|http://localhost/wordpress/wp-content/uploads/2014/01/30-Cylindrical-+-Pump-Spray-Fancy-Silver-Matte.jpg|http://localhost/wordpress/wp-content/uploads/2014/01/30-Cylindrical-+-Pump-Spray-Fancy-Silver-Shiny.jpg|http://localhost/wordpress/wp-content/uploads/2014/01/30-Cylindrical-+-Pump-Spray-Shroud.jpg","variable","Glass Bottles","","","Gel Pump|Gel Pump Shroud|Pump Spray|Pump Spray Fancy Silver Matte|Pump Spray Fancy Silver Shiny|Pump Spray Shroud","1|1|1","","30ml","0|1|1",""
"Teardrop Frosted","teardrop-frosted","194","","","publish","0","2013-07-25 02:43:08","0","open","","no","no","visible","","instock","no","no","","","","","","","none","","","","no","","","","","","","","","","","","","http://localhost/wordpress/wp-content/uploads/2014/01/70-Teardrop-Frosted-+-Gel-Pump.jpg|http://localhost/wordpress/wp-content/uploads/2014/01/70-Teardrop-Frosted-+-Gel-Pump-Shroud.jpg|http://localhost/wordpress/wp-content/uploads/2014/01/70-Teardrop-Frosted-+-Pump-Spray.jpg|http://localhost/wordpress/wp-content/uploads/2014/01/70-Teardrop-Frosted-+-Pump-Spray-Fancy-Silver-Matte.jpg|http://localhost/wordpress/wp-content/uploads/2014/01/70-Teardrop-Frosted-+-Pump-Spray-Fancy-Silver-Shiny.jpg|http://localhost/wordpress/wp-content/uploads/2014/01/70-Teardrop-Frosted-+-Pump-Spray-Shroud.jpg","variable","Glass Bottles","","","Gel Pump|Gel Pump Shroud|Pump Spray|Pump Spray Fancy Silver Matte|Pump Spray Fancy Silver Shiny|Pump Spray Shroud","1|1|1","","70ml","0|1|1",""
"Volcano Frosted","volcano-frosted","201","","","publish","0","2013-07-25 02:43:08","0","open","","no","no","visible","","instock","no","no","","","","","","","none","","","","no","","","","","","","","","","","","","http://localhost/wordpress/wp-content/uploads/2014/01/30-Volcano-Frosted-+-Gel-Pump.jpg|http://localhost/wordpress/wp-content/uploads/2014/01/30-Volcano-Frosted-+-Gel-Pump-Shroud.jpg|http://localhost/wordpress/wp-content/uploads/2014/01/30-Volcano-Frosted-+-Pump-Spray.jpg|http://localhost/wordpress/wp-content/uploads/2014/01/30-Volcano-Frosted-+-Pump-Spray-Fancy-Silver-Matte.jpg|http://localhost/wordpress/wp-content/uploads/2014/01/30-Volcano-Frosted-+-Pump-Spray-Fancy-Silver-Shiny.jpg|http://localhost/wordpress/wp-content/uploads/2014/01/30-Volcano-Frosted-+-Pump-Spray-Shroud.jpg","variable","Glass Bottles","","","Gel Pump|Gel Pump Shroud|Pump Spray|Pump Spray Fancy Silver Matte|Pump Spray Fancy Silver Shiny|Pump Spray Shroud","1|1|1","","30ml","0|1|1",""
"Round Roll-on","round-roll-on","208","","","publish","0","2013-07-25 02:43:08","0","open","","no","no","visible","","instock","no","no","","","","","","","none","","","","no","","","","","","","","","","","","","http://localhost/wordpress/wp-content/uploads/2014/01/10-Round-Roll-on-+-Gold-Cap-Sale.jpg|http://localhost/wordpress/wp-content/uploads/2014/01/10-Round-Roll-on-+-Gold-Cap.jpg|http://localhost/wordpress/wp-content/uploads/2014/01/10-Round-Roll-on-+-Plastic-Cap.jpg|http://localhost/wordpress/wp-content/uploads/2014/01/10-Round-Roll-on-+-Silver-Matte-Cap.jpg|http://localhost/wordpress/wp-content/uploads/2014/01/10-Round-Roll-on-+-Silver-Shiny-Cap.jpg","variable","Glass Bottles","","","Gold Cap|Gold Cap (Sale)|Plastic Cap|Silver Matte Cap|Silver Shiny Cap","1|1|1","","10ml","0|1|1",""
"Round Roll-on Frosted","round-roll-on-frosted","214","","","publish","0","2013-07-25 02:43:08","0","open","","no","no","visible","","instock","no","no","","","","","","","none","","","","no","","","","","","","","","","","","","http://localhost/wordpress/wp-content/uploads/2014/01/10-Round-Roll-on-Frosted-+-Plastic-Cap.jpg|http://localhost/wordpress/wp-content/uploads/2014/01/10-Round-Roll-on-Frosted-+-Silver-Matte-Cap.jpg|http://localhost/wordpress/wp-content/uploads/2014/01/10-Round-Roll-on-Frosted-+-Silver-Shiny-Cap.jpg","variable","Glass Bottles","","","Plastic Cap|Silver Matte Cap|Silver Shiny Cap","1|1|1","","10ml","0|1|1",""
"Round Dream Rollette","round-dream-rollette","218","","","publish","0","2013-07-25 02:43:08","0","open","","no","no","visible","","instock","no","no","","","","","","","none","","","","no","","","","","","","","","","","","","http://localhost/wordpress/wp-content/uploads/2014/01/8-Round-Dream-Rollette-+-Plastic-Cap.jpg|http://localhost/wordpress/wp-content/uploads/2014/01/8-Round-Dream-Rollette-+-Pump-Spray.jpg","variable","Glass Bottles","","","Plastic Cap|Pump Spray","1|1|1","","8ml","0|1|1",""
"Clean Frosted","clean-frosted","221","","","publish","0","2013-07-25 02:43:08","0","open","","no","no","visible","","instock","no","no","","","","","","","none","","","","no","","","","","","","","","","","","","http://localhost/wordpress/wp-content/uploads/2014/01/60-Clean-Frosted-+-Pump-Spray.jpg|http://localhost/wordpress/wp-content/uploads/2014/01/60-Clean-Frosted-+-Pump-Spray-Fancy-Silver-Matte.jpg|http://localhost/wordpress/wp-content/uploads/2014/01/60-Clean-Frosted-+-Pump-Spray-Fancy-Silver-Shiny.jpg","variable","Glass Bottles","","","Pump Spray|Pump Spray Fancy Silver Matte|Pump Spray Fancy Silver Shiny","1|1|1","","60ml","0|1|1",""
"Faraway","faraway","225","","","publish","0","2013-07-25 02:43:08","0","open","","no","no","visible","","instock","no","no","","","","","","","none","","","","no","","","","","","","","","","","","","http://localhost/wordpress/wp-content/uploads/2014/01/10-Faraway-+-Pump-Spray.jpg","variable","Glass Bottles","","","Pump Spray","1|1|1","","10ml","0|1|1",""
"Square Black","square-black","227","","","publish","0","2013-07-25 02:43:08","0","open","","no","no","visible","","instock","no","no","","","","","","","none","","","","no","","","","","","","","","","","","","http://localhost/wordpress/wp-content/uploads/2014/01/10-Square-Black-+-Pump-Spray.jpg|http://localhost/wordpress/wp-content/uploads/2014/01/10-Square-Black-+-Splash-On-Cap.jpg","variable","Glass Bottles","","","Pump Spray|Splash On Cap","1|1|1","","10ml","0|1|1",""
"Triangle","triangle","230","","","publish","0","2013-07-25 02:43:08","0","open","","no","no","visible","","instock","no","no","","","","","","","none","","","","no","","","","","","","","","","","","","http://localhost/wordpress/wp-content/uploads/2014/01/15-Triangle-+-Pump-Spray.jpg","variable","Glass Bottles","","","Pump Spray","1|1|1","","15ml","0|1|1",""
"Bell","bell","232","","","publish","0","2013-07-25 02:43:08","0","open","","no","no","visible","","instock","no","no","","","","","","","none","","","","no","","","","","","","","","","","","","http://localhost/wordpress/wp-content/uploads/2014/01/20-Bell-+-Pump-Spray.jpg","variable","Glass Bottles","","","Pump Spray","1|1|1","","20ml","0|1|1",""
"Twist","twist","234","","","publish","0","2013-07-25 02:43:08","0","open","","no","no","visible","","instock","no","no","","","","","","","none","","","","no","","","","","","","","","","","","","http://localhost/wordpress/wp-content/uploads/2014/01/15-Twist-+-Pump-Spray-Fancy.jpg|http://localhost/wordpress/wp-content/uploads/2014/01/50-Twist-+-Pump-Spray-Fancy.jpg","variable","Glass Bottles","","","Pump Spray Fancy","1|1|1","","15ml|50ml","0|1|1",""
"Madrid","madrid","237","","","publish","0","2013-07-25 02:43:08","0","open","","no","no","visible","","instock","no","no","","","","","","","none","","","","no","","","","","","","","","","","","","http://localhost/wordpress/wp-content/uploads/2014/01/30-Madrid-+-Pump-Spray-Fancy.jpg","variable","Glass Bottles","","","Pump Spray Fancy","1|1|1","","30ml","0|1|1",""
"Gucci","gucci","239","","","publish","0","2013-07-25 02:43:08","0","open","","no","no","visible","","instock","no","no","","","","","","","none","","","","no","","","","","","","","","","","","","http://localhost/wordpress/wp-content/uploads/2014/01/30-Gucci-+-Pump-Spray-Fancy.jpg","variable","Glass Bottles","","","Pump Spray Fancy","1|1|1","","30ml","0|1|1",""
"Glow","glow","241","","","publish","0","2013-07-25 02:43:08","0","open","","no","no","visible","","instock","no","no","","","","","","","none","","","","no","","","","","","","","","","","","","http://localhost/wordpress/wp-content/uploads/2014/01/50-Glow-+-Pump-Spray-Fancy.jpg","variable","Glass Bottles","","","Pump Spray Fancy","1|1|1","","50ml","0|1|1",""
"Rebecca","rebecca","243","","","publish","0","2013-07-25 02:43:08","0","open","","no","no","visible","","instock","no","no","","","","","","","none","","","","no","","","","","","","","","","","","","http://localhost/wordpress/wp-content/uploads/2014/01/30-Rebecca-+-Pump-Spray-Fancy-Silver-Shiny.jpg","variable","Glass Bottles","","","Pump Spray Fancy Silver Shiny","1|1|1","","30ml","0|1|1",""
"Duo","duo","245","","","publish","0","2013-07-25 02:43:08","0","open","","no","no","visible","","instock","no","no","","","","","","","none","","","","no","","","","","","","","","","","","","http://localhost/wordpress/wp-content/uploads/2014/01/5-Duo-+-Screw-Cap.jpg","variable","Glass Bottles","","","Screw Cap","1|1|1","","5ml","0|1|1",""
"Amber Vial","amber-vial","247","","","publish","0","2013-07-25 02:43:08","0","open","","no","no","visible","","instock","no","no","","","","","","","none","","","","no","","","","","","","","","","","","","http://localhost/wordpress/wp-content/uploads/2014/01/20-Amber-Vial-+-Silicone-Dropper.jpg","variable","Glass Bottles","","","Silicone Dropper","1|1|1","","20ml","0|1|1",""
"Square","square","249","","","publish","0","2013-07-25 02:43:08","0","open","","no","no","visible","","instock","no","no","","","","","","","none","","","","no","","","","","","","","","","","","","http://localhost/wordpress/wp-content/uploads/2014/01/10-Square-+-Splash-On-Cap.jpg","variable","Glass Bottles","","","Splash On Cap","1|1|1","","10ml","0|1|1",""
"Square Frosted","square-frosted","251","","","publish","0","2013-07-25 02:43:08","0","open","","no","no","visible","","instock","no","no","","","","","","","none","","","","no","","","","","","","","","","","","","http://localhost/wordpress/wp-content/uploads/2014/01/10-Square-Frosted-+-Splash-On-Cap.jpg","variable","Glass Bottles","","","Splash On Cap","1|1|1","","10ml","0|1|1",""
